<?xml version="1.0" encoding="utf-8" ?>
<SampleMetadata>
	<ID>19b42166-55f6-4e07-83b2-e655a3b020f2</ID>
	<IsFullApplication>false</IsFullApplication>
	<Level>Advanced</Level>
	<Tags>User Interface, Custom Renderers, Xamarin.Forms</Tags>
	<SupportedPlatforms>iOS, Android, Windows</SupportedPlatforms>
	<LicenseRequirement>Indie</LicenseRequirement>
	<Gallery>true</Gallery>
	<Brief>This sample demonstrates how to create a custom renderer for the Map control, which displays a native map with a customized pin and a customized view of the pin data on each platform.</Brief>
</SampleMetadata>
